zip_code,total_returns,adj_gross_inc,business_returns,business_income,farming_return,unemp_returns,unemp_comp,ssn_returns,ssn_benefits,student_loans,student_loan_deduction,real_estate_returns,real_estate_taxes,child_credits,child_credit_amt,earned_inc_ret,earned_inc_tax
50001,310,23171,40,631,40,50,366,70,944,20,5,0,0,80,236,40,76
50002,620,39407,100,1237,100,130,1163,130,1751,60,38,0,0,140,338,90,205
50003,4310,463694,760,8747,190,650,6730,720,12918,570,445,450,2409,1430,4504,310,598
50005,330,16634,40,172,20,70,554,70,844,0,0,0,0,80,191,40,92
50006,740,45325,110,1050,90,80,902,130,1753,70,44,0,0,210,513,90,183
50007,250,24489,40,209,0,40,394,50,950,0,0,20,177,60,168,0,0
50008,350,16269,70,346,80,50,614,50,519,0,0,0,0,100,240,60,162
50009,10590,793585,1310,14559,80,2010,20477,1800,29229,1190,896,790,4023,3030,8066,1000,2142
50010,14090,1036620,1840,22089,160,1890,18684,2810,54358,1510,1124,1110,6277,2590,6638,1210,2245
50014,11300,872772,1410,17828,150,1490,14618,1510,32224,1260,920,890,5789,2000,5492,860,1514
50020,660,39860,110,936,90,80,700,140,2110,40,18,0,0,150,333,80,177
50021,14530,1349624,2010,27253,130,2250,23267,2310,41602,1850,1390,1440,10120,4000,11194,1060,2260
50022,3750,233949,540,5710,210,530,4819,810,12422,280,204,150,633,860,2019,640,1480
50023,21020,1941918,2980,42719,140,3340,34396,2840,50767,3010,2328,2180,13615,6610,19748,1230,2369
50025,1380,95981,240,2756,210,150,1318,330,4682,140,94,40,135,310,775,170,417
50026,230,11690,30,-11,40,40,361,50,836,0,0,0,0,50,115,30,64
50027,130,6117,0,0,0,30,285,30,355,0,0,0,0,20,50,0,0
50028,750,50747,110,1117,70,140,1263,120,1870,80,66,20,91,230,619,70,150
50029,270,12771,50,117,40,40,465,60,613,0,0,0,0,50,130,40,125
50034,180,11888,30,226,30,0,0,50,792,0,0,0,0,50,124,0,0
50035,4040,367188,620,6095,70,710,6884,390,6536,660,517,330,1639,1700,5284,280,639
50036,7940,516111,980,10133,260,1180,10826,1620,24772,800,520,370,1822,1940,4878,890,1848
50039,170,11125,20,92,0,30,275,40,548,0,0,0,0,60,122,0,0
50042,130,7154,20,86,30,20,191,20,247,0,0,0,0,20,51,20,43
50044,410,22805,40,141,50,120,820,80,918,20,10,0,0,100,221,70,164
50046,730,61779,120,1634,60,120,1016,130,2386,80,49,40,292,220,676,40,95
50047,2870,218491,440,4760,90,530,5359,490,8059,310,267,180,898,930,2555,270,598
50048,430,22698,70,625,70,70,556,80,975,30,13,0,0,80,188,60,130
50049,2920,160655,450,6015,320,400,3999,550,7546,220,142,60,235,690,1626,440,1075
50050,300,18118,30,138,70,40,436,80,1053,0,0,0,0,70,217,30,103
50051,120,7268,0,0,20,20,206,30,413,0,0,0,0,30,67,0,0
50054,1630,101170,200,1670,80,310,2878,280,3704,150,132,40,158,420,1094,180,414
50055,460,28866,50,306,50,100,805,80,1069,40,27,0,0,140,372,50,99
50056,670,43946,90,659,40,110,1026,110,1843,80,47,0,0,160,419,70,133
50058,880,56325,190,1711,140,130,1410,160,2413,70,56,0,0,200,558,120,268
50060,1090,65180,180,3189,200,130,1286,220,3099,80,39,30,80,260,647,160,353
50061,930,158742,210,4756,60,140,1334,200,4113,50,35,200,1838,280,876,40,75
50062,300,17509,0,0,30,80,558,50,679,20,8,0,0,80,223,40,77
50063,1340,118075,220,2333,90,190,1871,250,4189,140,121,130,674,360,1040,90,183
50065,190,7555,30,353,50,20,225,40,385,0,0,0,0,40,88,40,79
50066,120,6345,0,0,0,0,0,0,0,0,0,0,0,30,69,0,0
50067,110,5491,0,0,30,0,0,0,0,0,0,0,0,30,79,20,71
50068,160,7082,30,170,40,20,310,30,434,0,0,0,0,30,55,20,55
50069,490,32115,70,619,0,110,1072,80,1215,60,42,20,116,150,351,70,152
50070,730,52986,120,941,60,150,1434,140,2094,80,46,20,127,190,536,70,170
50071,430,24399,50,767,50,60,532,110,1587,30,17,0,0,90,191,60,148
50072,1250,125522,210,2522,120,190,1617,220,3417,140,115,100,498,420,1216,90,206
50073,740,59955,110,1212,40,110,1038,100,1783,120,78,70,290,230,624,60,128
50074,160,17458,0,0,40,0,0,70,1497,0,0,0,0,0,0,0,0
50075,390,25719,60,215,50,60,498,80,1140,30,10,0,0,100,276,40,98
50076,660,40549,90,637,120,90,803,160,2091,50,26,0,0,130,318,100,221
50103,180,9607,0,0,50,30,308,30,362,0,0,0,0,40,70,30,71
50105,600,55057,110,559,0,100,786,80,1385,70,54,50,224,210,626,60,104
50106,520,28959,50,233,60,90,701,130,1766,40,19,0,0,120,294,60,121
50107,430,22730,60,320,50,80,837,80,1275,0,0,0,0,90,195,80,179
50108,190,8135,0,0,60,20,234,40,482,0,0,0,0,20,44,40,105
50109,1650,176682,250,5002,40,240,2396,220,4046,230,160,190,1385,610,1829,100,184
50111,8280,764369,1170,15470,70,1370,13971,860,13969,1200,875,800,5659,2800,7888,690,1467
50112,4970,350488,670,5227,220,870,7495,1060,17678,450,330,300,1258,1150,2855,570,1184
50115,1260,80419,230,1792,200,140,1343,270,3941,120,80,40,133,310,741,160,318
50116,120,7233,0,0,0,40,210,30,367,0,0,0,0,30,61,0,0
50118,420,25883,60,170,0,80,930,70,940,30,14,0,0,130,340,40,123
50119,220,11773,20,102,20,70,417,40,466,0,0,0,0,60,152,30,57
50120,160,10665,20,86,0,40,358,0,0,0,0,0,0,40,92,0,0
50122,640,45075,110,1011,110,50,410,140,2294,50,34,20,53,160,455,50,108
50123,370,20816,50,375,70,60,620,90,1259,20,16,0,0,70,185,50,117
50124,2220,188925,350,4143,70,310,3013,350,6056,300,225,210,1153,770,2367,170,343
50125,9530,716551,1300,16903,360,1570,14914,1900,31781,1020,798,700,3661,2630,7146,940,1898
50126,3090,196451,410,6647,160,420,4099,650,9809,260,157,130,612,700,1645,420,870
50128,160,9774,0,0,20,30,223,40,625,0,0,0,0,30,92,0,0
50129,2380,149590,370,4242,190,380,3833,560,8565,200,122,100,393,550,1274,330,800
50130,790,55957,130,1696,60,120,1065,140,2171,70,46,20,93,220,521,90,217
50131,11550,1409967,1720,32431,70,1600,17783,1800,34091,1090,771,1490,12587,3480,9672,820,1876
50132,150,8601,30,45,30,30,227,20,312,0,0,0,0,40,107,0,0
50133,210,9395,40,139,60,30,448,40,570,0,0,0,0,60,116,40,115
50134,330,26475,60,448,0,50,401,50,1032,30,28,30,108,70,215,20,43
50135,760,48864,90,886,70,170,1288,170,2681,50,21,20,63,170,409,70,140
50136,170,9547,20,116,40,40,376,40,602,0,0,0,0,50,119,20,30
50138,5380,321862,650,5509,230,1320,9458,1090,14864,490,327,190,736,1330,3203,710,1602
50139,550,32847,90,574,120,90,818,110,1535,40,35,0,0,150,423,50,101
50140,860,44208,140,866,110,130,1371,150,2236,90,69,30,94,190,411,160,371
50141,240,14315,40,122,20,30,272,70,898,0,0,0,0,50,128,20,37
50143,280,21545,40,172,50,60,469,50,769,0,0,0,0,80,239,0,0
50144,1190,64005,200,1897,220,160,1721,220,3100,100,58,30,113,300,712,250,596
50146,230,14194,40,223,30,50,445,40,637,0,0,0,0,60,148,30,53
50147,170,8987,30,96,40,0,0,30,401,0,0,0,0,30,69,30,38
50148,170,10234,20,49,20,30,341,40,532,0,0,0,0,40,110,20,48
50149,400,22016,80,1510,100,80,758,60,724,20,16,0,0,110,269,60,168
50150,370,19284,40,81,60,100,620,70,612,20,12,0,0,110,318,50,84
50151,340,20795,80,795,60,50,601,70,1084,0,0,0,0,80,204,40,60
50153,360,28119,50,194,60,70,496,60,1029,30,24,0,0,100,289,0,0
50154,250,16488,20,110,20,30,291,40,566,30,11,0,0,70,187,0,0
50155,120,5314,0,0,0,0,0,20,334,0,0,0,0,20,40,0,0
50156,2160,159285,300,2628,100,330,3086,430,6620,230,201,120,574,610,1613,170,353
50157,330,19874,40,62,60,60,561,60,819,0,0,0,0,80,185,30,52
50158,14050,818217,1320,14089,220,2890,25232,2510,38515,820,571,480,2272,3810,9194,2300,5383
50161,980,68598,150,1285,90,160,1426,150,2349,120,90,50,154,260,713,90,158
50162,540,33509,70,440,50,90,632,90,1252,50,29,0,0,160,452,60,110
50164,280,16022,50,144,40,50,608,60,706,0,0,0,0,70,192,40,86
50166,690,45994,110,1248,90,130,1332,120,1517,80,53,0,0,210,562,60,137
50167,360,23572,60,254,40,50,486,70,1091,40,27,0,0,100,282,30,53
50168,410,30768,80,372,40,70,804,70,1260,40,20,20,98,110,303,40,55
50169,1290,92267,160,1530,50,260,2745,230,3472,110,70,70,353,350,853,110,248
50170,1400,98205,180,1567,110,330,2586,270,3983,140,97,70,254,390,1035,150,295
50171,1300,99258,200,1962,140,240,2066,320,5341,110,71,60,291,290,660,150,376
50173,340,17018,50,78,30,70,669,50,761,0,0,0,0,60,168,30,58
50174,560,31904,60,131,100,120,1092,90,1098,30,16,0,0,150,347,70,176
50201,4000,286610,510,6194,140,680,6320,750,12164,460,326,220,1137,1030,2657,410,831
50206,200,12802,30,106,40,30,304,50,869,0,0,0,0,60,152,20,51
50207,1070,69483,160,1293,150,230,1638,200,3110,130,74,40,113,320,874,110,237
50208,9210,540499,970,7703,200,1810,16836,1810,26526,710,510,370,1626,2150,4951,1370,3033
50210,830,61039,140,1925,150,130,1422,200,2562,60,46,40,210,230,648,60,156
50211,7450,682508,1030,13581,140,1190,12976,1120,20119,990,769,850,5113,2460,6939,560,1148
50212,1450,95554,240,1378,100,190,1799,310,4604,130,83,50,175,390,1021,130,304
50213,3330,176078,400,4592,270,550,5614,520,6937,230,137,90,329,890,2128,540,1248
50214,410,34439,60,228,40,110,754,50,958,40,33,30,116,120,347,0,0
50216,1360,149060,280,3908,110,190,1966,380,7352,80,59,130,911,320,764,120,209
50217,260,18116,30,61,50,40,286,50,818,20,11,0,0,60,142,30,57
50219,6230,576234,970,10870,280,1500,9504,1330,23534,680,540,700,3812,1710,5453,420,830
50220,4180,224527,470,2983,100,630,5847,560,8383,260,202,120,474,1190,2820,690,1601
50222,220,15090,30,153,60,40,285,40,527,0,0,0,0,50,166,0,0
50223,150,9246,0,0,30,20,260,30,446,0,0,0,0,30,57,0,0
50225,1400,97807,220,2100,140,290,2204,250,3357,180,131,60,241,420,1151,150,319
50226,3160,365026,540,6631,60,450,4441,470,8915,360,262,400,2984,1170,3906,130,260
50228,1130,84819,180,2010,90,220,1983,210,3371,130,96,40,151,350,1026,90,204
50229,560,61823,120,2665,90,70,808,100,1458,30,16,70,371,150,413,30,62
50230,500,34100,80,693,80,60,549,80,1260,40,31,0,0,120,341,40,88
50232,230,17416,30,266,30,50,390,50,741,0,0,0,0,60,160,20,53
50233,650,38515,110,1118,50,130,1253,140,1992,40,33,0,0,160,304,80,164
50234,270,21858,40,117,30,50,523,60,774,20,5,0,0,70,185,20,41
50235,210,10203,30,267,30,30,252,30,468,0,0,0,0,40,82,30,84
50236,760,54351,120,884,40,120,1006,140,2116,110,87,30,98,250,713,60,145
50237,1560,143376,260,3779,90,280,2624,290,4822,140,103,160,932,450,1272,80,159
50238,470,26384,70,331,100,60,572,110,1290,40,26,0,0,110,209,70,196
50240,1150,93913,220,3554,160,200,2061,220,3410,110,76,80,418,320,883,80,176
50242,220,12134,40,181,50,40,344,30,463,0,0,0,0,40,110,20,41
50244,940,70521,120,891,40,140,1393,180,3065,120,69,60,315,260,688,50,95
50246,300,19607,50,451,40,40,390,60,902,30,18,0,0,70,180,20,45
50247,1100,82506,140,906,120,180,1526,210,3038,110,54,30,74,330,937,100,228
50248,2160,168603,310,4346,120,300,2672,510,8273,220,165,140,593,540,1518,150,311
50249,570,35358,80,575,80,80,782,130,1727,50,36,0,0,120,269,50,119
50250,1180,67153,170,1645,90,190,1849,240,3113,120,92,40,117,280,732,150,308
50251,620,47796,120,985,80,120,925,130,2248,50,34,30,70,180,573,40,72
50252,180,12664,30,197,0,30,305,30,507,0,0,0,0,40,90,0,0
50254,140,7699,20,79,50,40,385,0,0,0,0,0,0,30,78,20,39
50256,230,13908,20,-1,0,80,570,40,629,0,0,0,0,40,118,0,0
50257,470,32552,50,422,70,80,870,80,1166,40,29,20,82,160,426,60,147
50258,360,20318,40,438,40,50,406,90,1174,0,0,0,0,80,160,50,91
50261,1310,144204,240,5307,100,210,2320,170,3057,140,110,180,1132,450,1507,70,156
50262,190,8806,30,9,40,40,459,50,671,0,0,0,0,30,57,30,59
50263,12790,1480707,1880,34892,100,1960,21270,1530,26979,1770,1364,1440,10463,4110,11795,920,2056
50264,190,10483,30,44,40,40,452,40,531,0,0,0,0,40,109,40,77
50265,16660,1730913,2430,38626,80,2790,32248,2650,49219,1780,1350,1580,11135,4010,9674,1640,3377
50266,19180,2170245,2630,47732,80,2910,32836,2550,50696,2360,1827,2000,15356,4420,11165,1530,3167
50268,390,19450,60,212,40,100,911,70,862,0,0,0,0,90,205,70,166
50271,280,15146,40,286,40,30,340,50,790,30,11,0,0,60,147,20,40
50273,4060,296422,730,7760,340,650,6524,750,11906,390,269,290,1626,1120,3024,460,937
50274,170,9013,20,4,40,30,265,30,486,0,0,0,0,30,93,0,0
50275,230,11555,20,32,60,40,433,40,484,0,0,0,0,50,128,30,62
50276,1030,69733,130,728,100,150,1342,210,3583,100,72,50,206,240,595,100,212
50277,220,12668,40,60,30,50,517,40,755,0,0,0,0,70,161,30,89
50278,380,23252,60,599,40,50,379,80,1077,30,29,0,0,80,228,40,99
50309,5680,400841,600,7645,0,1020,11231,240,4116,1010,816,280,2371,400,615,600,824
50310,15750,907939,2180,26016,40,3130,35401,2070,31540,1940,1490,1090,5272,3510,7498,2300,4981
50311,5950,328911,930,11068,0,1200,14381,590,9067,680,475,330,1569,1330,3008,960,1859
50312,7560,911480,1260,30042,30,1190,14213,1510,30052,800,613,1030,9849,1500,3881,580,1026
50313,8150,425936,940,9550,0,1810,19496,980,13904,600,379,270,1152,1940,3874,1490,3465
50314,4900,167148,780,7393,0,1180,13657,200,2410,300,228,50,254,1280,2138,1600,4264
50315,17770,827372,2000,21002,30,4010,44558,1940,25455,1490,1102,490,2307,4250,8267,3560,8155
50316,7160,275617,940,10189,0,1650,18294,610,6582,430,302,110,389,1930,3432,1760,4219
50317,17770,843883,2040,20533,30,4120,43907,2240,27702,1330,902,580,2319,4550,9223,3490,8240
50320,10580,553192,1360,13980,30,2210,24225,1160,16741,830,641,480,2277,3030,6518,2030,5005
50321,3870,395445,560,8006,0,690,8565,680,13568,340,256,380,3247,840,1856,570,1458
50322,15920,1192818,2270,30306,60,2770,30542,2890,51627,1740,1308,1320,7053,3910,9633,1560,3276
50323,7730,1542667,1340,32712,70,950,10656,1280,27972,640,466,1530,13570,2820,9125,250,483
50324,2690,191908,430,6494,0,460,5089,570,9839,310,248,230,1117,610,1569,270,551
50325,8920,1155370,1470,29512,70,1240,14107,1710,37437,710,546,1350,10496,2710,7805,600,1357
50327,5790,451851,810,11080,30,1070,11206,1120,19236,550,414,500,2712,1650,4182,560,1336
50401,13640,853654,1520,17329,150,2720,24938,2600,36981,1030,671,520,2761,2930,6471,2150,4314
50420,190,10271,0,0,30,30,248,40,651,0,0,0,0,30,75,30,43
50421,1410,85157,210,1549,90,270,2863,340,4845,90,76,60,160,320,807,170,430
50423,1280,78818,220,1864,140,200,1735,280,4040,90,49,30,85,310,755,140,291
50424,690,48196,140,1835,150,100,916,190,2863,70,52,20,44,170,410,80,173
50428,4630,389554,720,10925,180,810,7654,1150,18761,330,229,370,2830,950,2437,450,810
50430,200,11887,30,90,40,20,227,40,808,0,0,0,0,30,81,0,0
50433,110,8678,0,0,30,0,0,30,471,0,0,0,0,30,106,0,0
50434,200,11796,30,60,0,60,588,40,459,0,0,0,0,50,112,0,0
50435,350,20524,60,410,50,60,531,60,957,20,5,0,0,70,191,40,91
50436,2590,169952,400,3165,120,650,6200,550,8204,260,177,100,405,590,1472,320,651
50438,1880,132817,290,2306,160,380,3223,440,6906,160,117,60,256,470,1274,200,435
50439,120,6308,0,0,20,20,290,20,168,0,0,0,0,20,51,20,55
50440,210,10974,30,333,30,30,317,40,390,0,0,0,0,40,109,0,0
50441,2360,140501,370,3533,170,310,2824,540,7755,170,107,80,282,560,1293,390,925
50444,200,11952,30,87,0,30,363,50,825,0,0,0,0,40,109,0,0
50446,260,17296,30,57,30,50,393,50,712,0,0,0,0,60,148,0,0
50447,470,27074,90,686,70,90,652,90,1789,40,19,0,0,130,338,60,120
50448,330,17634,40,230,60,60,401,50,763,0,0,0,0,70,182,30,76
50449,340,15167,50,260,30,90,759,60,629,0,0,0,0,70,169,70,179
50450,1390,83593,180,1791,100,310,2671,300,4144,110,59,30,114,310,797,180,364
50451,220,13798,30,74,60,40,380,40,584,0,0,0,0,40,79,30,69
50452,350,20999,80,850,50,40,442,70,1129,30,14,0,0,80,217,40,108
50453,240,13934,20,120,30,80,748,60,961,0,0,0,0,40,111,30,44
50455,140,8767,20,150,40,30,182,20,262,0,0,0,0,30,88,0,0
50456,810,46840,90,716,60,170,1645,170,2096,60,31,0,0,190,442,110,238
50457,160,10418,20,34,30,30,265,40,546,0,0,0,0,30,74,0,0
50458,940,60829,120,1198,80,140,1117,190,2564,70,38,30,115,250,648,100,234
50459,1420,86210,250,2016,170,290,2603,300,4637,130,71,40,101,340,823,170,346
50460,160,9460,40,316,50,20,129,30,341,0,0,0,0,40,119,0,0
50461,2620,174594,440,6532,290,430,3640,580,8723,230,149,110,360,630,1612,300,637
50464,300,18179,50,274,30,60,566,60,827,0,0,0,0,70,146,30,78
50466,810,44260,140,1317,170,130,906,170,2308,60,40,0,0,180,451,100,208
50468,730,47718,100,434,100,130,1095,160,2232,60,29,0,0,160,432,70,126
50469,720,51423,100,696,110,130,1219,160,2196,60,33,0,0,200,587,70,136
50470,110,5666,0,0,0,20,141,30,396,0,0,0,0,20,41,0,0
50471,330,18762,40,574,50,40,479,50,882,40,23,0,0,80,206,30,82
50472,1100,81603,210,2594,180,140,1408,230,3910,90,54,40,159,260,774,90,199
50473,110,5889,0,0,0,30,242,20,302,0,0,0,0,20,45,0,0
50475,790,51718,130,1144,80,120,1031,170,2416,60,31,30,75,220,528,90,174
50476,380,21167,60,496,70,50,399,70,841,20,8,0,0,70,192,30,76
50477,130,6786,0,0,0,0,0,30,343,0,0,0,0,0,0,0,0
50478,390,21284,70,183,50,90,908,80,1070,0,0,0,0,80,128,60,124
50479,320,18772,30,339,50,40,423,70,830,20,5,0,0,80,192,40,76
50480,410,28116,60,666,80,70,634,90,1330,0,0,0,0,80,221,40,69
50482,420,32341,80,263,30,70,706,90,1639,40,23,20,122,90,268,30,36
50483,360,22212,60,386,70,40,270,80,1004,30,13,0,0,80,194,30,64
50484,190,10699,30,205,40,40,330,50,676,0,0,0,0,40,107,0,0
50501,12620,749288,1340,13743,180,2030,19739,2110,31365,910,603,470,2666,2790,6310,2080,4724
50510,480,27729,110,1038,90,40,366,110,1751,30,20,0,0,120,260,70,169
50511,3470,241816,650,6046,240,490,4504,810,12197,320,217,180,845,770,2069,370,706
50514,630,37469,130,1403,90,150,1201,170,2423,50,30,0,0,140,343,70,172
50515,120,6251,0,0,0,0,0,30,398,0,0,0,0,20,42,0,0
50516,360,21997,40,106,0,50,526,70,1004,30,6,0,0,100,243,30,59
50517,460,28007,70,466,80,50,473,100,1337,20,12,0,0,100,216,40,103
50518,140,9815,0,0,30,0,0,30,465,0,0,0,0,40,102,0,0
50519,270,15770,40,217,40,50,324,50,763,0,0,0,0,60,161,30,80
50522,330,19541,60,218,50,70,490,80,1058,20,7,0,0,70,184,30,70
50523,280,17409,30,143,50,40,382,60,873,0,0,0,0,70,200,30,61
50524,210,17778,30,35,50,30,321,50,979,0,0,0,0,50,173,0,0
50525,1540,96713,240,2921,120,200,1814,330,4965,120,68,70,312,410,969,180,458
50528,160,10238,0,0,40,20,205,30,467,0,0,0,0,30,83,0,0
50529,400,20777,50,244,0,60,562,70,815,40,21,0,0,80,222,40,86
50530,510,27190,90,533,50,90,779,90,1318,50,25,0,0,140,381,80,135
50531,110,7219,0,0,30,0,0,30,507,0,0,0,0,0,0,0,0
50532,410,23086,50,83,50,80,747,70,975,30,8,0,0,90,222,50,97
50533,1660,89733,200,1429,80,210,1980,310,4293,130,72,30,88,460,1078,290,746
50535,430,25692,70,747,70,60,539,80,1316,40,29,0,0,110,238,60,129
50536,1940,120588,320,4063,140,330,3290,450,6449,180,107,90,401,450,1129,260,547
50538,240,12619,40,274,20,40,379,50,572,0,0,0,0,60,142,40,84
50539,230,12713,40,223,40,30,278,40,622,0,0,0,0,50,109,20,62
50540,450,28510,80,750,100,50,456,90,1478,30,19,0,0,120,289,60,157
50541,360,20615,50,136,60,50,461,70,1040,0,0,0,0,80,244,50,107
50542,430,26423,60,519,30,70,644,100,1395,0,0,0,0,100,217,60,141
50543,690,40551,110,462,90,100,883,130,1912,60,42,0,0,160,410,70,179
50544,220,10997,20,36,20,40,426,50,577,0,0,0,0,60,171,30,69
50545,110,6157,0,0,30,0,0,0,0,0,0,0,0,0,0,0,0
50546,160,9847,30,173,40,0,0,40,657,0,0,0,0,30,103,20,54
50548,2770,216231,430,4307,220,340,3246,630,9947,240,143,140,805,710,1941,300,667
50554,740,39106,100,444,70,140,1303,160,2278,50,38,0,0,160,317,130,247
50556,130,7097,0,0,30,0,0,40,513,0,0,0,0,20,46,0,0
50557,340,17735,30,252,30,40,323,70,872,20,8,0,0,60,195,40,92
50558,270,19750,60,83,60,40,382,50,778,0,0,0,0,60,188,20,44
50559,170,9424,30,440,30,20,258,40,649,0,0,0,0,30,64,0,0
50560,230,13233,40,75,50,20,228,50,694,0,0,0,0,60,149,30,64
50561,220,12242,30,98,30,0,0,40,673,0,0,0,0,60,152,30,71
50562,220,12936,40,206,50,20,157,60,784,0,0,0,0,40,103,0,0
50563,1140,75934,190,2223,130,130,1253,250,3897,120,67,50,207,280,765,120,265
50565,180,8655,30,136,20,30,204,30,359,0,0,0,0,30,80,30,68
50566,210,11740,0,0,30,20,262,40,656,0,0,0,0,50,129,20,49
50568,670,40349,130,1816,80,70,738,100,1673,60,43,0,0,200,519,90,242
50569,340,19498,30,54,20,60,547,80,889,30,15,0,0,70,157,40,65
50570,90,7224,0,0,40,0,0,0,0,0,0,0,0,20,81,0,0
50571,160,9021,20,33,40,30,223,40,596,0,0,0,0,30,76,0,0
50574,1020,63826,150,2101,110,120,1182,270,4188,70,48,40,86,220,543,130,323
50575,390,20871,50,268,60,40,330,90,1252,30,17,0,0,80,225,40,75
50576,180,11083,20,130,30,0,0,40,455,0,0,0,0,40,73,0,0
50577,170,8701,20,85,30,0,0,40,448,0,0,0,0,30,92,0,0
50578,270,16297,50,186,40,50,479,60,936,0,0,0,0,60,129,40,82
50579,1160,66507,190,1877,120,100,1053,260,3932,100,72,30,113,250,654,160,331
50581,360,22822,50,239,60,50,630,70,1303,0,0,0,0,80,207,70,163
50583,1330,82792,200,1355,120,130,965,300,4613,130,73,40,115,260,653,140,304
50585,520,32117,70,672,60,70,696,100,1430,50,34,0,0,130,342,70,141
50586,140,7929,20,155,30,0,0,30,388,0,0,0,0,30,68,0,0
50588,6210,363248,680,7201,190,810,7726,800,12496,320,232,170,973,1880,4368,1110,2660
50590,390,19812,70,267,70,60,543,80,932,30,24,0,0,80,157,80,172
50591,150,7938,0,0,20,30,241,20,400,0,0,0,0,40,90,0,0
50594,130,8126,20,10,0,20,255,30,463,0,0,0,0,20,34,0,0
50595,4140,272236,520,5910,160,580,5078,800,12281,350,258,160,695,1050,2460,540,1129
50597,590,41814,160,1720,160,60,534,130,2130,40,21,20,50,130,339,50,142
50598,400,24571,80,456,60,40,468,70,937,30,19,0,0,110,317,50,107
50599,160,11655,0,0,30,20,169,30,479,0,0,0,0,40,100,0,0
50601,1130,63930,170,1851,150,160,1383,230,3344,100,61,20,49,240,590,170,331
50602,730,44340,120,1006,90,110,1020,190,2799,60,38,0,0,180,454,90,177
50603,270,14382,50,645,70,40,390,30,510,0,0,0,0,60,187,20,54
50604,820,50398,130,1276,110,130,1095,170,2323,80,57,30,97,220,610,100,175
50606,350,18709,50,753,90,80,709,80,1178,0,0,0,0,70,193,40,94
50607,220,13598,30,249,50,40,338,60,662,0,0,0,0,50,130,20,64
50609,200,14248,30,199,20,40,364,40,631,0,0,0,0,40,110,0,0
50611,150,8324,0,0,40,30,339,30,371,0,0,0,0,30,92,30,68
50612,150,24673,20,126,30,20,208,30,626,0,0,0,0,40,101,0,0
50613,18320,1612294,2490,40851,250,2960,28959,3890,71963,2050,1415,1580,8812,4220,12115,1470,3014
50616,4490,283604,610,5652,300,930,9528,930,13695,330,218,160,638,1060,2611,680,1576
50619,980,58647,150,1812,140,160,1294,220,2873,100,74,30,92,230,638,100,204
50621,680,52055,90,683,40,100,836,160,2764,70,52,20,62,170,422,50,115
50622,1570,138394,270,3359,70,290,2124,350,5942,180,129,110,490,510,1584,110,190
50624,870,80114,130,2211,70,150,1205,200,3781,110,71,60,259,270,861,60,118
50625,430,23179,80,488,60,70,706,90,1293,20,12,0,0,100,213,70,153
50626,790,49227,100,1222,70,180,1343,150,2201,80,39,0,0,220,585,100,189
50627,1460,83980,250,3229,110,160,1626,310,4839,130,79,20,113,340,782,230,499
50628,560,34183,90,1894,140,90,629,120,1689,0,0,0,0,130,365,70,127
50629,980,63124,170,2538,160,160,1349,190,2593,80,60,30,104,290,892,80,159
50630,750,46200,110,837,120,170,1193,170,2569,60,40,0,0,180,477,80,164
50632,520,28790,60,437,40,110,1169,100,1599,30,9,0,0,110,250,70,151
50633,160,9530,30,399,30,20,202,30,398,0,0,0,0,30,72,30,63
50635,710,44010,80,265,90,120,779,180,2888,70,38,0,0,160,400,70,147
50636,840,54213,170,1468,140,140,1185,240,3719,80,42,30,71,180,494,80,174
50638,1560,104552,270,4376,100,240,2134,380,5757,150,102,70,288,410,1123,160,306
50641,640,30290,130,2716,130,110,1076,100,1035,30,11,0,0,170,445,90,200
50642,260,16016,30,125,20,60,448,40,544,40,16,0,0,80,211,30,57
50643,1350,112709,180,1489,70,270,2528,300,5301,160,117,70,385,410,1243,100,210
50644,4200,280043,560,5797,220,790,6817,830,12312,370,251,170,644,1060,2823,460,1020
50645,530,34242,120,1100,130,110,1122,120,1701,30,8,0,0,110,356,50,78
50647,910,70132,150,942,50,190,1975,210,2981,100,61,50,270,270,830,70,104
50648,1880,152673,270,2050,170,430,3649,360,5795,230,140,80,379,550,1660,160,325
50650,350,19364,50,202,50,80,761,80,1090,20,12,0,0,80,154,50,111
50651,1720,113366,250,3168,150,360,3105,350,5493,160,113,40,150,470,1240,150,341
50653,280,16176,40,38,40,50,476,60,1036,20,4,0,0,60,147,30,48
50654,220,14274,40,259,50,30,251,40,578,0,0,0,0,40,119,0,0
50655,340,19265,40,95,40,60,615,80,1076,20,7,0,0,80,190,40,89
50658,1080,67356,190,1138,120,240,2085,200,3062,120,77,30,81,290,719,140,280
50659,2470,175925,380,4052,240,520,3900,520,7780,220,138,80,313,590,1589,260,485
50660,620,41918,90,392,50,150,1195,120,1937,50,26,20,84,160,445,70,145
50662,2970,147748,300,2453,100,610,5890,590,8121,190,123,60,255,710,1538,600,1335
50665,1340,101620,260,3575,160,230,2141,310,4665,170,121,70,292,360,1011,120,260
50666,450,26913,50,222,80,80,729,90,1190,40,27,0,0,100,263,40,64
50667,390,25542,40,282,0,100,706,100,1341,20,9,0,0,90,228,20,36
50668,570,38336,70,626,80,90,710,130,2198,50,34,0,0,150,435,40,78
50669,1100,93037,150,1508,90,170,1359,260,4412,100,65,40,150,260,770,70,201
50670,930,60641,130,985,80,170,1436,250,3842,100,62,30,98,240,648,70,130
50671,110,6765,0,0,30,0,0,20,412,0,0,0,0,0,0,0,0
50672,260,17819,40,594,40,40,347,70,1031,0,0,0,0,60,163,20,51
50674,1600,104646,250,1978,260,330,2522,400,5953,130,102,30,89,370,1002,180,371
50675,1100,67998,150,1232,90,170,1317,240,3781,90,72,30,81,270,650,130,269
50676,880,54627,140,934,90,180,1462,170,2422,100,77,0,0,240,622,90,202
50677,5440,419339,850,11331,290,880,8147,1300,22557,620,507,350,1862,1470,4287,450,899
50680,550,35524,100,987,90,70,712,140,2120,60,45,0,0,130,310,70,157
50681,200,10931,0,0,30,50,327,40,504,0,0,0,0,40,93,30,81
50682,680,43755,110,1027,120,130,1055,130,2092,60,40,0,0,190,538,60,164
50701,14610,1038762,1750,24041,120,2920,28981,2880,46788,1440,998,730,4323,3060,7095,2110,4656
50702,9960,457653,1060,11255,40,2300,22161,1490,19051,820,542,270,689,2430,4748,1950,4484
50703,8230,320284,720,5007,110,1920,20273,1050,12777,470,284,100,275,2010,3491,2320,5680
50707,3690,174555,380,3412,0,950,8955,610,7137,270,181,40,142,860,1776,610,1353
50801,4170,233675,530,5715,320,880,7860,880,12026,320,199,130,601,990,2212,720,1503
50830,720,38912,110,884,160,140,1262,120,1569,60,22,0,0,180,444,140,274
50833,950,49733,190,1291,180,140,1108,190,2319,60,31,0,0,240,617,150,329
50836,160,8857,0,0,40,0,0,30,444,0,0,0,0,30,62,0,0
50837,130,6857,20,2,40,30,224,30,539,0,0,0,0,30,48,0,0
50840,210,11549,30,96,40,40,395,40,469,0,0,0,0,50,118,40,66
50841,1190,67737,220,2672,210,180,1422,230,3205,100,59,0,0,270,641,170,367
50843,260,13214,30,164,60,40,306,50,803,0,0,0,0,50,131,40,80
50845,300,15284,60,284,100,40,384,70,720,0,0,0,0,80,178,50,90
50846,490,27395,70,621,130,80,611,100,1312,40,19,0,0,120,299,70,174
50848,150,6587,20,55,40,0,0,30,365,0,0,0,0,30,78,0,0
50849,1300,83369,230,3705,140,210,1765,280,4244,120,70,40,145,280,705,160,330
50851,890,54201,130,1597,140,140,1314,180,2533,50,32,0,0,240,582,150,365
50853,270,18475,60,567,80,40,428,60,896,0,0,0,0,70,177,30,56
50854,970,54651,220,1429,180,130,1264,210,2870,80,48,20,91,230,569,160,349
50857,110,6950,0,0,30,0,0,20,398,0,0,0,0,20,41,20,52
50858,350,17509,50,102,100,70,618,80,884,0,0,0,0,70,158,40,109
50859,250,12234,30,157,60,40,314,60,657,0,0,0,0,60,120,40,102
50860,120,4411,30,319,40,0,0,20,188,0,0,0,0,0,0,20,47
50861,120,5325,0,0,40,0,0,20,291,0,0,0,0,30,63,0,0
50864,800,43837,130,917,130,130,1290,170,2608,60,33,0,0,170,393,120,256
51001,970,65942,140,1798,110,120,1023,200,2895,100,69,30,82,290,810,110,250
51002,1270,84609,200,1425,140,160,1630,220,3452,130,81,40,140,370,1071,150,345
51003,750,55757,130,1131,110,120,1248,140,1927,100,72,40,159,230,670,60,116
51004,460,30191,80,450,80,60,490,90,1332,20,5,0,0,100,234,70,153
51005,700,46128,90,1342,90,80,730,170,2343,80,52,0,0,180,463,70,142
51006,460,26080,50,484,70,50,443,100,1192,20,15,0,0,130,246,60,130
51007,320,25113,50,146,40,40,410,70,1066,30,14,0,0,90,278,30,53
51010,200,9796,30,201,40,30,259,40,534,0,0,0,0,30,80,30,75
51012,3120,186779,420,3433,190,370,3545,700,10623,220,163,110,411,660,1769,470,794
51014,240,17094,30,162,50,0,0,60,1147,0,0,0,0,40,153,0,0
51016,610,37524,100,835,90,70,738,140,1889,50,26,0,0,140,361,80,177
51018,160,9892,0,0,40,0,0,30,397,0,0,0,0,50,131,30,56
51019,360,25347,40,433,90,30,292,90,1273,0,0,0,0,70,198,50,126
51020,270,22912,40,172,60,30,285,50,877,0,0,0,0,70,212,30,66
51022,360,26113,40,93,100,50,425,70,1297,30,14,0,0,80,197,30,59
51023,1390,77196,180,982,100,180,1451,230,3128,90,65,20,64,400,1012,210,454
51024,960,79869,170,1530,120,140,1120,190,3281,110,90,60,235,290,890,50,111
51025,950,71845,130,1348,130,90,919,220,3574,70,52,40,80,230,625,90,193
51026,360,23223,60,510,70,60,559,80,1232,30,15,0,0,80,222,40,92
51027,570,39362,90,1004,120,60,545,80,1202,60,32,20,70,140,417,50,120
51028,960,70888,150,1408,140,110,1203,200,3302,80,62,30,107,250,681,100,251
51029,110,6823,0,0,20,0,0,20,315,0,0,0,0,0,0,0,0
51030,830,65472,120,1128,70,90,971,160,2790,90,76,40,185,240,705,70,151
51031,6240,453623,810,9664,440,880,7382,1060,15937,610,466,270,1286,1640,4383,730,1595
51033,220,13829,30,108,60,30,368,50,690,0,0,0,0,40,114,20,37
51034,820,47978,100,949,110,80,962,200,2794,70,45,0,0,180,436,110,237
51035,750,53992,150,843,140,80,589,170,2925,50,36,20,77,170,495,70,144
51036,290,24295,70,324,70,30,291,40,571,20,5,0,0,80,257,30,68
51037,170,9671,0,0,30,0,0,40,581,0,0,0,0,40,116,0,0
51038,740,50833,120,1293,120,100,865,140,2014,60,45,0,0,190,495,70,186
51039,1190,89451,180,2071,110,160,1530,230,3633,130,76,40,101,340,943,120,274
51040,1590,91093,200,2107,100,260,2336,310,4405,110,78,40,145,360,877,280,606
51041,2810,233256,550,6557,190,340,3356,570,8762,330,264,300,1686,820,2602,210,414
51046,730,45746,120,1118,130,110,1140,170,2520,60,41,0,0,180,387,90,216
51047,310,19055,50,411,50,30,346,80,1051,20,7,0,0,70,151,30,62
51048,250,17103,30,68,40,40,347,50,835,0,0,0,0,70,227,30,73
51049,210,11564,20,53,30,30,227,50,817,0,0,0,0,30,99,20,32
51050,1200,85619,180,1484,240,150,1314,270,4493,110,68,30,106,320,918,120,263
51052,490,31194,60,184,30,80,711,80,1283,40,19,0,0,110,279,40,79
51053,490,33165,60,311,70,70,625,110,1633,50,40,0,0,120,308,70,135
51054,2760,207027,330,3331,40,360,3812,430,7105,260,189,180,803,870,2399,320,723
51055,700,46368,90,442,50,100,900,150,2505,60,39,20,55,170,468,70,156
51056,210,12409,0,0,40,40,308,40,636,0,0,0,0,50,107,20,38
51058,450,28549,60,928,80,40,427,110,1607,20,8,0,0,90,235,40,73
51060,260,14881,40,108,60,60,441,60,802,0,0,0,0,50,89,30,75
51061,200,12026,20,34,50,0,0,40,705,0,0,0,0,40,95,40,75
51062,280,17145,40,65,50,30,178,50,552,0,0,0,0,80,164,30,57
51063,490,30739,70,493,30,60,595,90,1635,40,31,0,0,130,290,80,168
51101,430,16758,30,149,0,60,716,30,365,0,0,0,0,50,65,130,151
51103,7520,328121,630,6170,0,1140,11188,730,9175,370,261,120,434,2030,4148,1930,4656
51104,10730,654526,1180,12707,30,1540,15242,1520,24807,920,639,470,2450,2950,7115,1800,4261
51105,4240,151166,300,2209,0,670,6843,270,2778,100,51,20,48,1170,2284,1260,2904
51106,13760,859766,1550,18221,80,2160,22242,2180,33836,1330,966,640,3288,3400,8172,2080,4672
51108,2790,204490,370,5509,80,440,4497,500,7846,200,116,140,773,710,1740,410,913
51109,1500,72232,170,1542,0,280,2890,210,2682,100,63,0,0,370,757,300,671
51201,2830,195517,380,6123,210,360,2711,530,8465,240,155,150,662,750,2010,340,663
51230,210,15617,40,294,50,0,0,30,373,0,0,0,0,70,191,0,0
51231,130,8340,0,0,30,0,0,30,462,0,0,0,0,30,86,0,0
51232,370,22657,40,187,60,60,514,60,895,30,12,0,0,90,237,40,74
51234,550,38532,80,450,110,70,557,90,1387,50,29,0,0,160,460,40,75
51235,460,32331,90,569,110,70,509,60,885,20,9,0,0,120,484,40,62
51237,760,44707,130,1535,120,50,471,180,2358,50,37,0,0,210,564,120,250
51238,570,47298,90,677,100,70,570,110,1538,70,32,20,65,170,487,30,63
51239,1420,102960,240,1734,190,170,1360,250,4057,120,85,100,456,450,1448,120,252
51240,780,55450,170,2159,150,80,730,140,1854,70,45,30,100,230,779,70,165
51241,840,63726,160,2124,140,100,863,150,2103,90,54,30,104,250,812,70,123
51243,370,21106,60,300,80,40,359,70,921,20,10,0,0,80,191,40,101
51245,610,41698,90,595,80,70,542,130,2237,60,32,0,0,140,382,70,138
51246,1650,130136,280,3430,250,160,1283,350,5070,150,115,110,528,470,1478,150,320
51247,2250,220198,420,4082,270,220,1796,350,5480,190,124,190,889,710,2306,190,461
51248,830,56510,150,1264,100,90,843,180,2622,70,37,40,125,190,516,100,229
51249,1590,97239,220,2258,150,200,1886,340,4583,120,70,60,162,400,909,200,484
51250,3510,336070,610,5698,280,480,3314,640,10896,330,238,420,2666,1140,3789,250,485
51301,6060,400854,880,11756,210,990,8375,1240,18635,590,428,290,1548,1450,3603,860,1885
51331,630,69739,110,1834,20,110,1093,220,4466,30,10,70,602,60,122,40,63
51333,230,13276,30,38,50,40,419,50,817,0,0,0,0,40,110,30,31
51334,3280,181529,430,5918,200,650,6060,600,8524,320,219,70,273,790,1785,460,954
51338,470,28185,50,494,70,60,593,90,1535,30,12,0,0,100,252,40,125
51342,570,31161,100,921,60,100,822,90,1179,50,26,0,0,160,394,90,186
51343,120,6659,0,0,20,20,238,30,374,0,0,0,0,30,79,0,0
51345,160,10154,0,0,40,20,212,30,497,0,0,0,0,40,86,20,38
51346,1090,67894,150,2069,160,130,1200,240,3582,80,56,0,0,260,630,130,306
51347,760,49732,120,1775,100,150,1289,170,2686,70,55,30,115,190,469,70,145
51350,200,10644,0,0,40,0,0,40,456,0,0,0,0,40,97,0,0
51351,2380,183117,390,3781,120,490,4159,600,9391,240,161,140,1103,570,1503,270,589
51354,460,29323,80,1022,100,50,395,100,1395,20,5,0,0,100,263,40,81
51355,560,66524,120,2305,0,90,877,220,4462,40,22,100,1046,60,147,30,54
51357,300,16928,40,365,40,60,512,50,868,30,18,0,0,80,167,40,89
51358,630,34926,110,873,70,80,798,140,1911,50,24,0,0,140,325,90,180
51360,4410,370609,790,13652,150,840,7587,1160,20214,400,308,350,2466,890,2255,370,655
51364,300,16694,40,218,60,70,587,60,934,0,0,0,0,70,175,40,77
51365,180,8684,20,25,0,30,279,40,524,0,0,0,0,40,81,0,0
51366,160,10162,20,5,40,20,218,30,553,0,0,0,0,40,105,0,0
51401,5870,426790,940,15550,400,950,8466,1230,19028,510,359,350,1696,1410,3823,660,1341
51430,370,24662,60,959,70,60,479,80,1227,30,14,0,0,90,245,20,58
51431,180,10837,20,141,40,0,0,40,529,0,0,0,0,40,122,0,0
51433,320,16987,60,218,60,40,389,50,761,0,0,0,0,80,194,50,108
51436,470,38745,90,1263,100,80,529,80,1309,50,23,0,0,110,310,40,78
51439,390,23426,50,318,90,40,372,100,1451,30,17,0,0,90,217,50,147
51440,170,10368,20,16,50,30,201,30,382,0,0,0,0,50,130,20,50
51441,150,6989,0,0,0,0,0,30,323,0,0,0,0,50,124,20,52
51442,4340,257953,480,4986,220,520,5180,650,10007,210,152,140,496,1360,3418,680,1537
51443,800,54187,140,1516,110,110,902,160,2563,60,39,0,0,200,568,70,130
51445,1330,120561,200,1528,120,150,1521,300,4989,110,80,50,245,300,782,170,387
51446,250,14760,40,124,30,20,231,60,949,0,0,0,0,50,115,30,58
51448,260,14893,30,77,50,30,270,70,956,0,0,0,0,60,127,40,81
51449,940,59858,150,1277,90,90,714,230,3656,80,61,20,95,210,483,130,282
51450,830,52510,170,2534,80,100,1010,240,3629,40,24,50,203,160,342,80,132
51453,270,17828,40,186,60,30,207,70,894,0,0,0,0,60,219,30,68
51454,580,35166,90,770,110,80,778,120,1527,50,35,0,0,140,333,80,158
51455,1070,75664,170,2047,220,110,917,220,2974,110,80,40,140,270,760,100,193
51458,650,45654,120,757,120,60,618,150,2490,70,34,0,0,170,475,80,165
51461,550,36691,60,455,100,60,436,140,2135,40,23,20,59,120,283,70,147
51462,480,27709,60,474,80,80,818,100,1269,30,14,0,0,100,261,70,175
51463,280,20780,40,376,50,40,395,70,1073,20,7,0,0,60,158,0,0
51465,330,19460,30,65,60,50,481,80,1072,0,0,0,0,70,185,60,117
51466,480,33242,110,695,70,50,456,110,1527,30,16,0,0,140,344,60,136
51467,300,19825,50,226,70,20,168,70,1224,30,9,0,0,60,164,20,33
51501,16000,715293,1310,12254,0,2550,29243,1940,23258,980,680,370,1637,3980,7849,3370,7551
51503,17250,1275047,2010,25310,180,2170,24003,3580,60377,1500,1144,1220,6652,4270,10671,1920,4043
51510,1690,93794,190,1712,0,240,3110,240,3511,110,67,70,384,400,805,320,812
51521,1130,74062,180,1468,110,120,1273,220,3478,110,79,50,186,270,698,130,302
51523,160,8457,0,0,20,0,0,40,673,0,0,0,0,30,66,30,66
51525,570,38144,80,898,50,50,599,120,1855,50,35,0,0,150,428,50,118
51526,820,67961,90,461,40,110,951,210,3501,70,46,50,265,200,541,60,102
51527,280,17513,30,84,60,30,343,60,871,0,0,0,0,50,131,20,49
51528,430,22366,60,513,50,60,625,80,1386,30,25,0,0,100,230,60,170
51529,750,56312,120,1108,150,100,914,160,2187,70,43,20,73,150,409,90,180
51530,360,21793,60,360,100,50,377,70,861,30,11,0,0,70,234,30,59
51531,370,23657,60,266,50,40,408,100,1353,30,20,0,0,70,172,40,95
51532,270,14999,40,294,30,40,332,50,648,0,0,0,0,70,170,50,117
51533,400,24807,40,181,50,50,455,90,1282,30,11,0,0,80,186,40,95
51534,4250,362792,570,6644,150,410,4245,860,14507,390,272,310,1612,1220,3340,410,897
51535,820,47545,150,1089,110,100,993,200,2665,70,50,0,0,170,425,100,221
51536,210,11338,0,0,30,0,0,50,754,0,0,0,0,40,97,0,0
51537,3120,212895,470,5509,230,370,3381,680,10363,250,188,130,565,730,1904,390,855
51540,190,12238,20,34,20,20,188,50,643,0,0,0,0,50,115,0,0
51541,160,10263,0,0,20,0,0,50,673,0,0,0,0,20,60,0,0
51542,490,46454,60,503,50,50,511,120,2112,30,19,40,207,110,322,20,19
51543,190,8922,30,137,20,30,216,50,591,0,0,0,0,30,47,30,63
51544,300,18837,40,176,40,40,391,60,803,0,0,0,0,60,131,50,111
51545,130,6558,0,0,0,0,0,20,303,0,0,0,0,30,69,20,54
51546,1280,93398,200,2286,120,110,1261,230,3841,120,92,50,153,380,1061,120,255
51548,220,18841,30,100,0,0,0,50,723,0,0,0,0,70,243,0,0
51549,210,14149,30,41,0,30,251,30,569,0,0,0,0,60,135,20,44
51551,870,61175,130,1000,50,90,1022,200,2722,100,75,40,136,210,604,90,213
51552,120,7873,0,0,0,20,183,30,349,0,0,0,0,30,66,20,34
51553,450,32792,70,370,50,40,457,100,1576,40,29,0,0,150,387,40,69
51555,2430,158022,330,1960,90,250,2525,460,7061,180,107,100,422,600,1424,330,669
51556,210,11777,0,0,0,0,0,30,420,0,0,0,0,40,96,30,44
51557,370,23900,50,301,40,40,350,80,1129,0,0,0,0,80,196,40,93
51558,240,14016,50,320,50,30,248,40,536,0,0,0,0,50,124,30,62
51559,870,64539,140,1035,80,80,804,170,2780,90,58,30,124,260,748,60,119
51560,940,62434,120,826,60,120,1237,180,2792,80,63,30,76,230,630,90,213
51561,440,32913,70,606,0,50,507,100,1539,20,14,30,141,120,263,40,96
51562,240,17880,30,74,70,20,189,60,746,0,0,0,0,60,139,0,0
51563,340,21258,60,393,60,40,385,60,853,0,0,0,0,90,246,40,84
51564,220,11831,40,200,30,20,227,40,521,0,0,0,0,50,118,40,80
51565,250,18446,40,557,50,0,0,60,870,0,0,0,0,50,127,0,0
51566,3170,173198,400,4084,160,500,4574,630,9344,230,156,90,378,710,1589,560,1243
51570,540,31901,80,717,60,70,603,100,1493,40,33,0,0,150,351,90,196
51571,310,25108,40,698,40,30,234,70,1125,20,9,0,0,80,283,0,0
51572,180,8845,0,0,30,30,280,40,626,0,0,0,0,30,75,30,49
51573,510,33429,100,1013,90,70,576,130,1951,50,20,0,0,150,341,60,145
51575,800,70466,140,1613,60,70,833,160,2794,90,66,50,284,270,859,40,77
51576,1030,86433,150,1433,70,100,1057,170,2808,100,66,60,278,340,1023,70,146
51577,520,31180,100,815,70,50,586,110,1657,30,24,0,0,140,355,80,172
51579,1000,67978,170,1463,110,90,936,190,3007,90,69,30,122,280,777,120,297
51601,2610,148275,300,3380,80,440,4109,530,7954,180,127,80,250,610,1319,460,960
51631,150,7009,0,0,30,20,193,30,420,0,0,0,0,20,51,0,0
51632,2770,164072,400,4019,250,430,3456,600,9071,210,143,110,302,650,1591,390,868
51636,180,9558,30,264,30,30,236,40,514,0,0,0,0,40,67,30,69
51638,540,32664,60,520,70,100,924,130,1845,30,13,0,0,130,296,80,180
51639,380,25338,50,259,40,40,383,90,1229,20,16,0,0,80,180,40,96
51640,660,43645,90,541,50,50,405,140,2273,40,26,0,0,150,377,90,210
51645,110,7502,0,0,20,0,0,40,551,0,0,0,0,0,0,0,0
51646,340,18041,60,410,70,50,454,70,747,30,12,0,0,80,181,50,108
51649,150,8549,0,0,20,0,0,30,429,0,0,0,0,40,111,0,0
51650,150,7674,0,0,0,0,0,30,407,0,0,0,0,30,67,0,0
51652,810,51443,110,894,70,70,735,180,2918,70,41,20,66,210,514,110,270
51653,600,42381,70,449,50,50,499,140,2149,60,32,0,0,190,495,60,149
51654,220,15441,20,-31,0,0,0,50,708,0,0,0,0,40,81,30,64
52001,20170,1077226,2190,19823,60,4910,50852,3260,44807,2000,1599,590,3146,4070,8597,3530,7878
52002,8510,664277,990,9604,80,1710,16765,1850,29816,890,651,500,2642,2220,6223,760,1469
52003,7130,841357,1000,12446,120,1420,14280,1550,27026,690,529,590,4101,1630,4405,560,1060
52031,2430,187108,410,5596,280,560,5690,510,7117,220,165,120,679,600,1748,220,448
52032,710,41255,120,1103,180,180,1477,130,1727,50,38,0,0,160,388,70,132
52033,1600,114082,230,2907,180,320,2557,330,4455,170,112,40,172,430,1252,130,303
52035,410,22181,50,357,70,100,740,80,1032,30,12,0,0,90,270,60,91
52037,520,35717,90,999,90,110,1134,110,1983,50,29,0,0,130,376,50,111
52038,220,11758,30,41,40,50,439,30,445,0,0,0,0,50,165,30,67
52039,560,40887,70,272,100,140,1332,130,1925,40,21,30,104,140,412,30,46
52040,3020,207387,450,4398,210,640,5267,600,8911,250,184,130,650,740,2074,250,561
52041,700,42436,90,1478,120,120,1071,120,1477,60,41,0,0,180,463,70,157
52042,760,46547,180,3068,180,150,1110,130,1820,60,45,0,0,190,541,60,125
52043,1040,74290,220,1752,150,170,1581,300,4192,80,56,40,136,220,557,130,258
52045,1220,78074,180,1763,130,330,2773,180,2609,150,108,30,88,350,1032,100,195
52046,1120,74756,150,832,140,330,2794,170,2467,110,67,30,177,300,939,90,207
52047,270,15340,40,273,60,60,453,60,761,0,0,0,0,60,156,40,74
52048,150,7699,0,0,40,30,275,30,382,0,0,0,0,30,50,0,0
52049,630,39014,80,1063,70,110,1194,150,2317,50,28,0,0,120,347,60,135
52050,200,12423,20,686,50,60,422,30,320,0,0,0,0,50,126,30,66
52052,1400,82422,230,1669,160,250,2517,370,4846,90,73,50,208,270,678,140,222
52053,530,31344,60,540,110,140,992,100,1353,30,22,0,0,120,332,40,84
52054,450,31182,70,389,90,90,855,90,1279,30,7,0,0,90,273,30,49
52057,3860,247413,580,6741,340,790,6539,830,11901,340,217,160,678,890,2459,420,906
52060,4000,229419,550,5107,280,880,8997,770,10492,310,240,110,389,920,2068,660,1572
52064,390,21847,40,195,50,80,788,70,1067,30,10,0,0,90,219,40,105
52065,420,25416,50,464,110,70,595,80,1245,30,13,0,0,80,208,30,60
52068,2250,251832,320,2766,120,490,4202,420,7182,220,153,140,732,730,2465,130,247
52069,750,42537,100,1450,100,130,1156,140,2107,60,32,0,0,180,446,90,199
52070,480,25947,50,110,50,110,1033,140,1540,30,7,0,0,90,231,60,101
52072,200,9368,20,37,40,40,331,30,365,0,0,0,0,30,94,0,0
52073,770,51479,100,569,140,190,1575,150,1871,70,41,30,137,190,549,50,112
52074,130,7560,0,0,40,20,182,30,378,0,0,0,0,30,84,0,0
52076,950,52583,180,2127,180,200,1704,180,2373,80,46,20,47,240,651,120,266
52077,180,8042,30,104,40,40,415,30,286,0,0,0,0,30,82,0,0
52078,400,25796,60,333,80,80,709,90,1196,30,7,0,0,90,294,20,27
52079,360,24288,40,467,80,100,872,70,983,0,0,0,0,70,177,30,67
52101,5840,437860,1100,13118,580,1290,11420,1430,23102,570,388,360,1755,1280,3396,500,917
52132,850,49674,160,1742,110,210,1734,170,2689,90,65,0,0,180,508,90,165
52133,230,12382,40,300,60,40,399,40,529,0,0,0,0,40,113,0,0
52134,120,6837,0,0,20,30,201,0,0,0,0,0,0,30,74,0,0
52135,400,28147,90,660,50,80,787,80,1102,30,8,0,0,70,208,40,75
52136,2850,164997,440,3947,330,630,4679,560,8015,280,210,100,322,670,1624,370,720
52140,240,14586,40,406,70,50,380,40,627,20,9,0,0,50,154,0,0
52141,640,39023,130,1285,110,110,1153,140,1759,50,22,0,0,120,352,60,107
52142,550,34571,90,665,70,100,1015,130,1772,60,52,0,0,90,234,50,129
52144,560,37741,90,438,130,140,1052,110,1632,40,26,0,0,130,305,50,98
52146,460,28000,70,694,70,90,940,140,2221,30,25,0,0,50,151,0,0
52147,470,26158,90,1135,110,100,888,80,1242,40,22,0,0,90,195,50,105
52151,980,55919,130,949,120,180,1777,270,3526,80,59,30,119,190,435,120,268
52154,470,30316,60,566,130,90,625,90,1268,30,19,0,0,100,247,40,69
52155,560,34733,120,912,110,90,952,110,1663,30,11,0,0,130,326,70,107
52156,330,20593,50,160,60,60,600,60,738,20,7,0,0,90,225,30,79
52157,840,47363,110,857,80,170,1484,180,2758,70,38,20,77,170,399,110,184
52159,1070,66140,190,1754,120,200,1571,200,2562,110,57,30,58,260,737,130,238
52160,390,26275,60,504,40,80,626,80,1245,30,7,0,0,80,212,40,77
52161,630,39031,130,1224,110,140,1165,110,1628,60,27,0,0,140,440,40,65
52162,1440,68587,180,1743,130,240,2539,200,2610,90,59,20,63,420,996,290,734
52165,500,28385,70,90,120,130,969,90,1187,40,33,0,0,90,229,40,85
52169,190,8908,30,288,40,40,335,40,459,0,0,0,0,30,89,0,0
52170,250,15659,40,120,60,40,346,60,726,0,0,0,0,50,112,0,0
52171,440,26171,60,789,120,70,632,90,1277,30,6,0,0,90,224,40,89
52172,2850,163814,500,5847,350,570,4754,570,7824,290,176,80,260,650,1681,340,774
52175,1560,96444,260,2408,170,270,2592,310,4402,140,96,50,176,350,908,180,387
52201,590,37613,100,819,70,110,894,100,1543,40,22,0,0,150,351,70,135
52202,530,39825,80,1257,30,100,974,110,1801,40,27,20,88,150,440,40,81
52203,950,78081,140,962,40,200,1781,220,3691,80,46,70,255,230,617,50,76
52205,3680,253348,470,5339,200,650,6534,790,11958,310,210,160,723,890,2103,490,1015
52206,1220,104613,180,1968,70,210,1951,200,3407,110,82,90,357,410,1297,70,142
52207,160,8298,0,0,40,20,171,40,472,0,0,0,0,30,73,20,39
52208,1370,78891,170,881,70,300,2620,280,3676,120,75,20,58,310,754,160,417
52209,530,35935,80,62,40,110,1000,100,1589,40,22,0,0,160,362,50,100
52210,330,20357,50,194,60,70,540,80,1088,20,5,0,0,80,223,40,75
52211,1290,92965,190,1377,110,240,2124,280,4222,100,68,60,242,290,800,140,308
52212,140,7344,0,0,30,30,395,30,453,0,0,0,0,30,51,0,0
52213,2110,167502,310,3634,140,330,3219,320,5312,220,164,110,525,690,1996,150,282
52214,1510,108406,200,2439,150,270,2747,300,4431,130,111,80,299,380,972,140,285
52215,390,21054,60,263,100,70,646,70,866,30,7,0,0,80,193,40,86
52216,690,40315,100,886,80,110,1110,150,2315,40,25,20,52,140,328,90,168
52217,220,13740,30,-1,70,40,337,50,606,0,0,0,0,50,128,30,83
52218,750,48412,120,1449,120,140,1176,130,2000,60,45,0,0,200,537,70,145
52222,280,15565,40,211,50,60,618,60,817,0,0,0,0,60,165,40,78
52223,700,60125,150,4874,110,120,1028,170,2650,40,29,40,233,150,439,50,77
52224,890,66698,150,1974,110,130,1283,210,3545,80,54,30,116,200,573,70,184
52225,220,12577,20,108,50,40,408,50,619,0,0,0,0,40,94,20,31
52227,1450,132641,210,2878,70,240,2253,210,3801,150,99,110,720,500,1466,70,174
52228,1720,151495,230,3678,50,310,2889,370,6448,170,125,130,572,480,1402,80,140
52229,320,17740,50,615,40,50,491,50,748,0,0,0,0,90,166,50,114
52231,150,10176,0,0,50,20,185,40,551,0,0,0,0,40,127,0,0
52233,3540,245010,470,5112,0,620,6252,630,10246,250,175,220,1294,820,1761,550,1215
52236,230,17266,30,344,40,40,314,60,986,0,0,0,0,60,175,0,0
52237,680,39293,130,2375,130,130,1147,100,1302,40,20,0,0,180,499,60,144
52240,14610,1008917,2080,26985,200,2590,28529,2200,40204,1400,1054,1000,6434,2740,6175,1940,3907
52241,10830,956446,1420,21356,30,1790,18875,1430,28265,1290,1013,900,6714,2230,5280,1290,2742
52245,9950,897297,1490,24304,40,1490,15805,2030,42374,1110,871,1150,7581,2020,5206,760,1334
52246,10040,829089,1460,19360,60,1510,17189,1440,30902,940,793,1000,7767,1920,4458,1270,2982
52247,2460,165956,570,9400,310,320,2584,450,7429,190,124,190,774,640,1874,180,354
52248,780,52074,150,1488,170,110,979,180,2630,60,39,30,72,190,533,100,247
52249,420,28328,60,636,50,70,621,100,1631,30,13,0,0,100,262,40,93
52251,220,12558,30,191,30,50,472,40,485,0,0,0,0,60,139,30,71
52253,1560,116231,260,1964,80,280,2673,270,4326,180,124,90,403,490,1406,130,258
52254,400,21992,50,327,50,90,992,90,1203,20,17,0,0,100,269,50,126
52255,570,34875,70,613,60,80,773,130,1730,40,25,0,0,150,343,70,158
52257,130,8547,20,200,30,20,367,30,470,0,0,0,0,30,70,0,0
52301,1780,106944,230,2366,160,390,3469,360,4745,160,99,50,153,410,1055,190,402
52302,20380,1601046,2440,37470,150,3390,35830,3740,62697,2070,1507,1450,8155,5860,15625,2090,4279
52305,310,21279,60,481,30,60,590,60,881,30,14,0,0,100,242,30,49
52306,810,50583,120,1182,90,140,1154,160,2173,60,43,0,0,190,474,90,187
52309,180,9338,0,0,40,40,359,40,521,0,0,0,0,40,103,0,0
52310,2930,194297,430,5233,250,620,6708,630,8998,270,184,100,345,740,1918,330,646
52313,180,10114,20,30,20,40,401,30,466,0,0,0,0,40,117,0,0
52314,2360,206784,430,5479,130,370,4021,490,9263,230,156,190,1171,740,2110,180,372
52315,540,33910,80,422,40,80,946,130,1777,50,31,20,56,150,377,50,88
52316,730,41373,100,850,90,130,1171,180,2148,40,34,0,0,170,424,110,274
52317,10560,863657,1420,22192,50,1980,18100,1040,17903,1710,1251,920,5388,3210,9081,970,2025
52318,470,29591,70,300,50,80,605,90,1083,40,30,0,0,100,259,40,81
52320,530,28389,50,173,70,120,1251,80,963,40,20,0,0,150,339,80,169
52321,190,9627,20,60,40,40,446,30,312,0,0,0,0,40,83,30,78
52322,1160,86367,170,1440,140,220,1833,250,3744,90,69,60,299,270,697,110,222
52323,320,15845,50,212,50,50,529,90,798,0,0,0,0,70,166,50,84
52324,1210,104140,160,1554,50,250,2611,170,3053,140,99,90,442,400,1179,100,205
52325,390,28426,70,793,70,70,460,60,824,40,22,0,0,110,320,30,54
52326,280,14512,30,67,0,50,392,50,547,0,0,0,0,60,142,30,78
52327,1540,134654,220,2893,210,240,1880,300,5199,150,108,120,569,420,1179,100,205
52328,1470,185081,230,3401,0,180,1834,330,6766,90,57,170,1173,410,1204,50,80
52329,350,21709,60,311,50,60,623,70,931,30,12,0,0,90,244,30,42
52330,360,26792,60,583,80,60,397,70,1214,30,14,0,0,110,306,20,50
52332,950,62526,140,1400,60,160,1729,180,3128,70,31,50,176,240,670,110,234
52333,3490,439972,550,11576,150,510,4707,750,14912,360,276,400,2902,1080,3295,150,248
52334,180,13360,20,109,20,40,314,30,473,0,0,0,0,50,136,0,0
52335,270,13525,40,641,40,50,511,60,825,0,0,0,0,60,150,40,90
52336,1170,85830,160,2242,100,190,1772,230,3542,100,70,70,371,310,839,100,193
52337,390,20212,50,628,20,70,615,60,833,30,14,0,0,100,232,60,148
52338,1680,209619,270,4313,70,290,2493,350,6669,140,100,220,1572,450,1277,70,100
52339,2310,106668,230,1486,90,400,3387,310,4062,90,59,30,72,570,1327,360,831
52340,2840,206512,400,4167,40,540,4862,310,5240,440,341,240,1293,890,2369,240,461
52341,530,54430,70,433,30,70,905,150,2782,30,9,60,343,110,295,30,53
52342,1550,81615,210,2335,130,280,2520,300,3838,80,60,30,63,370,913,240,529
52345,700,49320,110,988,0,140,1102,90,1418,80,76,20,85,240,712,70,166
52346,540,37245,70,844,50,80,807,90,1495,60,35,20,82,150,385,60,115
52347,690,42335,80,828,70,170,1492,150,1983,60,32,0,0,170,412,70,135
52349,3390,218961,480,6814,170,530,5035,730,11554,300,204,170,665,860,2180,400,850
52351,650,60239,70,625,0,110,919,100,1777,60,36,40,168,220,642,30,62
52352,910,66118,150,1769,140,150,1457,190,3126,70,45,50,176,240,674,60,113
52353,4410,273156,620,6914,220,670,6319,880,13442,400,270,200,811,1130,2661,610,1433
52354,180,11620,0,0,40,30,237,50,735,0,0,0,0,30,74,0,0
52355,120,6048,0,0,30,20,179,30,280,0,0,0,0,0,0,0,0
52356,1230,80337,250,5062,160,190,1909,200,3045,80,46,40,187,370,1060,140,279
52358,1980,142674,280,3476,120,320,2682,370,6225,230,164,100,444,510,1323,200,406
52359,120,6058,0,0,0,0,0,0,0,0,0,0,0,20,41,0,0
52361,2330,180584,330,3606,200,470,4091,450,7250,290,218,130,591,660,1866,180,402
52362,430,24667,60,402,60,80,693,90,1201,30,14,0,0,100,239,50,121
52401,990,72803,100,784,0,190,2259,70,1270,110,84,30,256,130,174,210,400
52402,20010,1313629,2240,26737,60,3600,39682,3250,53016,2110,1539,1080,5346,4660,10772,2570,5331
52403,11360,1041750,1540,27258,60,2090,23425,2120,39831,1120,799,970,7296,2390,5314,1630,3452
52404,20390,1081601,2230,19269,60,4580,49793,2620,36476,1850,1307,780,3516,4900,10388,3750,8457
52405,12910,744695,1430,12247,40,2690,28578,2240,34535,1360,948,570,2425,2990,6486,1770,4033
52411,3800,581005,570,12559,40,440,4679,790,17731,240,174,630,4910,1130,3336,110,162
52501,13440,716122,1390,9422,360,2410,24433,2080,28525,770,479,310,1345,3510,7787,2670,5909
52530,450,26817,60,122,20,100,881,100,1459,50,21,0,0,110,269,50,110
52531,2660,159394,450,2832,340,540,4649,450,6423,270,140,70,252,690,1735,370,807
52533,500,30555,80,349,80,110,1101,120,1579,20,7,0,0,120,292,60,151
52534,150,6279,0,0,0,40,442,0,0,0,0,0,0,30,60,40,80
52535,370,19528,60,45,70,80,750,70,960,0,0,0,0,90,219,50,113
52536,420,24688,50,393,100,90,947,100,1347,30,17,0,0,90,250,40,79
52537,2900,183196,640,15065,710,380,3443,500,6928,170,108,100,391,830,2394,360,797
52540,630,32963,110,944,120,120,1001,90,1137,40,17,0,0,140,342,120,303
52542,160,8600,30,185,30,30,218,40,520,0,0,0,0,30,56,30,63
52543,110,6877,0,0,0,20,228,0,0,0,0,0,0,40,119,0,0
52544,3380,170666,500,5542,260,640,5809,580,7332,230,166,60,229,760,1584,650,1429
52549,290,14298,50,866,60,50,373,40,432,0,0,0,0,60,139,40,88
52550,220,10677,30,151,30,40,351,30,390,0,0,0,0,50,104,30,74
52551,310,16161,60,169,70,70,702,60,845,0,0,0,0,60,139,40,86
52552,320,16671,70,1598,110,50,465,60,618,0,0,0,0,100,274,30,51
52553,770,44262,110,962,100,180,1467,130,1846,60,50,0,0,220,545,100,197
52554,580,26775,80,321,50,150,1376,90,967,30,8,0,0,130,270,100,215
52555,130,6180,0,0,30,0,0,20,201,0,0,0,0,20,33,20,30
52556,5550,348323,1160,12031,240,1180,15763,1320,18803,420,290,290,1671,1060,2255,870,1622
52560,170,8092,0,0,30,40,300,30,311,0,0,0,0,40,94,20,50
52561,420,23292,40,185,40,80,831,80,899,0,0,0,0,130,291,70,161
52563,620,35949,100,852,110,90,800,120,1665,40,28,0,0,160,372,90,207
52565,880,51047,170,1762,130,140,1058,220,3230,50,24,30,71,170,451,130,249
52567,290,16292,40,195,30,60,692,70,897,20,12,0,0,60,138,50,105
52569,290,17589,20,9,70,40,455,100,1434,0,0,0,0,30,62,30,55
52570,320,16377,60,1117,100,40,225,40,384,0,0,0,0,80,188,50,141
52571,710,46308,140,850,100,110,1036,160,2106,50,40,0,0,170,401,100,213
52572,450,21334,80,769,90,60,485,80,914,30,16,0,0,110,233,90,230
52574,350,16176,50,462,40,70,550,70,863,0,0,0,0,80,175,60,113
52576,240,11867,40,92,40,40,513,40,612,0,0,0,0,50,110,40,73
52577,6490,406755,850,9034,270,1430,11466,1120,16795,620,439,260,1048,1630,3982,910,2054
52580,210,12143,30,118,30,30,343,40,642,0,0,0,0,50,149,0,0
52581,120,5669,0,0,30,0,0,30,347,0,0,0,0,20,47,0,0
52583,150,7445,0,0,50,30,256,30,435,0,0,0,0,30,46,0,0
52584,160,7129,40,563,40,0,0,30,350,0,0,0,0,40,85,30,86
52585,410,24324,80,629,60,60,705,70,1225,40,32,0,0,110,257,60,139
52586,240,14760,30,94,50,50,370,40,649,0,0,0,0,50,124,30,51
52590,480,22145,160,6373,140,50,478,60,800,20,8,0,0,140,385,70,167
52591,1310,79290,220,1992,180,200,1827,290,4059,110,54,40,114,310,743,180,383
52594,170,9429,0,0,50,40,399,40,494,0,0,0,0,40,86,20,46
52601,13750,761668,1500,17455,160,3220,32956,2700,38244,800,552,470,2377,2970,5921,2620,6091
52619,280,14131,30,56,30,50,557,50,676,0,0,0,0,60,166,40,70
52620,370,18311,90,1046,80,70,576,60,635,0,0,0,0,100,232,70,156
52621,330,23616,40,169,70,40,386,60,903,0,0,0,0,80,162,30,58
52623,960,61040,140,954,60,230,1897,170,2622,70,54,50,193,260,673,110,246
52625,1190,79380,160,1040,180,160,1589,270,3717,90,65,30,86,290,784,120,300
52626,530,25830,90,379,90,100,874,110,1290,30,7,0,0,100,257,70,178
52627,5580,347055,520,5705,100,1070,10654,1120,16270,310,204,180,830,1260,2696,970,2247
52630,170,7977,0,0,30,40,328,20,344,0,0,0,0,40,97,30,74
52632,5270,256619,510,5287,70,1180,12215,920,12695,220,145,140,621,1310,2798,1120,2525
52635,300,14607,30,278,60,60,457,50,606,0,0,0,0,70,131,40,77
52637,1190,83881,220,1897,100,240,1917,240,3801,80,51,50,198,330,999,130,312
52638,280,16596,20,61,0,90,763,50,650,0,0,0,0,70,178,30,56
52639,840,46985,110,393,50,140,1368,180,2426,30,20,0,0,180,409,100,232
52640,590,37412,110,731,60,120,833,110,1630,30,16,0,0,160,369,70,153
52641,5290,300489,670,6833,290,910,8967,1070,16460,400,296,200,966,1230,2718,810,1852
52644,190,11051,30,33,30,40,320,40,583,0,0,0,0,50,117,30,61
52645,1440,85198,180,993,100,320,3011,310,4358,100,58,40,151,380,972,170,365
52646,210,11346,0,0,30,30,328,40,437,0,0,0,0,50,147,40,79
52649,430,25642,70,432,70,70,619,90,1334,0,0,0,0,100,260,50,115
52650,400,28801,50,189,60,80,623,100,1537,0,0,0,0,110,315,30,64
52651,280,14185,40,133,40,60,473,40,358,0,0,0,0,90,163,50,123
52653,1510,90867,190,1265,100,280,2243,330,5209,110,77,50,145,380,916,210,476
52654,710,42746,130,1263,100,90,811,140,1920,60,32,30,93,180,417,120,293
52655,2090,130351,260,1958,30,450,4350,470,6625,100,79,90,421,460,1006,350,784
52656,1080,82501,180,1273,160,170,1537,280,4186,60,61,40,155,240,631,70,187
52658,550,37236,80,392,40,100,1008,120,2081,30,13,20,60,100,288,40,80
52659,650,36464,90,344,70,120,959,120,1772,50,28,0,0,170,405,110,260
52660,110,8103,0,0,0,20,120,30,380,0,0,0,0,30,68,0,0
52720,430,25828,60,231,40,80,574,90,1316,20,8,0,0,110,236,60,149
52721,340,21716,30,172,50,40,376,80,1169,0,0,0,0,70,192,30,83
52722,19780,2167873,2510,52730,110,3110,34046,3830,68398,1720,1358,1980,15066,5630,15385,1770,3788
52726,2290,185715,290,2613,70,420,3926,560,9856,210,147,170,777,590,1573,150,315
52727,200,11794,0,0,40,30,325,30,400,0,0,0,0,40,101,0,0
52729,410,23944,60,648,50,70,591,90,1267,30,12,0,0,80,201,40,89
52730,2460,145378,260,1527,30,460,4851,550,7732,160,109,70,252,620,1485,290,610
52731,410,25432,60,342,90,60,580,80,1197,30,15,0,0,100,267,40,107
52732,12080,646863,1170,9783,160,2360,25480,2140,29436,820,548,370,1650,2770,6083,2400,5351
52737,200,9006,0,0,0,30,286,30,311,0,0,0,0,50,123,30,62
52738,1590,92301,180,1463,160,250,2237,280,4444,90,40,30,65,410,1041,220,491
52739,580,17806,30,63,20,70,486,50,591,0,0,0,0,80,177,90,132
52742,3650,282993,540,6826,240,610,6102,770,12207,380,278,210,1010,960,2675,320,729
52745,290,18644,30,71,30,50,519,70,926,20,9,0,0,60,143,30,62
52746,440,31788,70,189,40,80,761,100,1678,40,23,30,96,120,297,40,65
52747,1120,77254,120,1198,50,210,1919,210,3366,110,73,50,183,300,793,90,153
52748,4710,409579,630,8830,90,810,8249,910,15090,490,347,310,1551,1520,4219,470,1087
52749,470,29110,50,116,0,100,762,60,820,30,18,0,0,160,401,40,99
52750,270,17905,30,138,60,60,549,60,836,0,0,0,0,70,168,30,66
52751,530,31197,70,608,70,100,812,110,1640,40,37,0,0,140,325,60,109
52753,2880,300468,460,6334,40,460,5363,600,10706,250,172,320,2158,860,2648,190,432
52754,640,42090,80,955,80,120,978,140,2068,40,32,0,0,150,397,50,124
52755,1000,60784,170,1948,80,180,1480,190,3062,90,55,30,107,260,638,90,203
52756,1060,98255,170,1857,70,170,1730,230,3959,110,80,70,348,310,853,40,97
52760,270,21200,40,371,20,40,301,70,1065,0,0,0,0,60,184,0,0
52761,14610,895854,1420,14526,210,3110,26314,2510,38513,920,651,580,2753,3650,8202,2340,5172
52765,200,14009,30,271,40,30,269,50,700,0,0,0,0,30,67,20,37
52766,380,23057,40,315,40,90,648,70,1271,20,7,0,0,90,182,50,99
52768,700,50848,80,831,30,140,1382,170,2693,50,38,50,208,150,439,50,67
52769,260,18478,0,0,50,50,330,60,924,0,0,0,0,60,166,30,70
52772,2400,164677,310,3278,190,370,3133,500,7427,210,151,100,390,640,1592,250,525
52773,1140,80802,160,1452,80,210,1910,250,3714,100,82,40,133,290,727,120,266
52776,2350,139526,270,3268,90,480,3966,340,5014,180,119,80,359,720,1901,340,804
52777,610,33766,90,504,70,100,899,120,1641,40,17,0,0,130,322,80,183
52778,1970,131758,240,1904,100,370,3050,370,5472,180,132,70,315,540,1394,220,449
52801,810,51248,70,489,0,150,1603,0,0,50,33,0,0,60,60,130,247
52802,4560,162950,380,3874,0,1170,13228,390,4123,190,113,40,141,1040,1698,1330,3177
52803,10210,551363,1230,13066,0,2210,25091,1290,18266,980,822,400,2101,2270,4687,2070,4871
52804,12600,639180,1330,11029,50,2820,29907,2030,26048,990,801,420,1824,2950,5757,2440,5634
52806,13600,746836,1560,14350,40,3000,32053,2310,32163,1200,909,600,2564,3300,7097,2410,6007
52807,7550,675575,930,20681,40,1210,13191,1540,30195,660,525,750,5566,1670,4278,800,1752
99999,16850,850465,1290,6948,840,2880,28276,2750,38247,560,224,170,925,2540,5499,1920,3780